transaction_id,date,amount,category,type,status,subtype,balance_after
T0001,2025-06-01,32000,Salary,CREDIT,Completed,,57000.0
T0002,2025-06-03,9000,Rent,DEBIT,Completed,,48000.0
T0003,2025-06-06,1231,Utility Bill,DEBIT,Completed,,46769.0
T0004,2025-06-08,499,Telecom,DEBIT,Completed,,46270.0
T0005,2025-06-05,854,Food,DEBIT,Completed,,45416.0
T0006,2025-06-12,1104,Food,DEBIT,Completed,,44312.0
T0007,2025-06-19,749,Food,DEBIT,Completed,,43563.0
T0008,2025-06-26,774,Food,DEBIT,Completed,,42789.0
T0009,2025-06-14,2481,Dining,DEBIT,Completed,,40308.0
T0010,2025-06-21,3194,Shopping,DEBIT,Completed,,37114.0
T0011,2025-06-10,696,Transport,DEBIT,Completed,,36418.0
T0012,2025-06-25,1000,Savings,DEBIT,Completed,micro_savings,35418.0
T0013,2025-07-01,32000,Salary,CREDIT,Completed,,67418.0
T0014,2025-07-03,9000,Rent,DEBIT,Completed,,58418.0
T0015,2025-07-06,1274,Utility Bill,DEBIT,Completed,,57144.0
T0016,2025-07-08,499,Telecom,DEBIT,Completed,,56645.0
T0017,2025-07-05,1296,Food,DEBIT,Completed,,55349.0
T0018,2025-07-12,759,Food,DEBIT,Completed,,54590.0
T0019,2025-07-19,1219,Food,DEBIT,Completed,,53371.0
T0020,2025-07-26,919,Food,DEBIT,Completed,,52452.0
T0021,2025-07-14,876,Dining,DEBIT,Completed,,51576.0
T0022,2025-07-21,1352,Shopping,DEBIT,Completed,,50224.0
T0023,2025-07-10,1044,Transport,DEBIT,Completed,,49180.0
T0024,2025-07-25,1000,Savings,DEBIT,Completed,micro_savings,48180.0
T0025,2025-08-01,32000,Salary,CREDIT,Completed,,80180.0
T0026,2025-08-03,9000,Rent,DEBIT,Completed,,71180.0
T0027,2025-08-06,1328,Utility Bill,DEBIT,Completed,,69852.0
T0028,2025-08-08,499,Telecom,DEBIT,Completed,,69353.0
T0029,2025-08-05,771,Food,DEBIT,Completed,,68582.0
T0030,2025-08-12,946,Food,DEBIT,Completed,,67636.0
T0031,2025-08-19,792,Food,DEBIT,Completed,,66844.0
T0032,2025-08-26,1264,Food,DEBIT,Completed,,65580.0
T0033,2025-08-14,1669,Dining,DEBIT,Completed,,63911.0
T0034,2025-08-21,1242,Shopping,DEBIT,Completed,,62669.0
T0035,2025-08-10,1179,Transport,DEBIT,Completed,,61490.0
T0036,2025-08-25,1000,Savings,DEBIT,Completed,micro_savings,60490.0
T0037,2025-09-01,32000,Salary,CREDIT,Completed,,92490.0
T0038,2025-09-03,9000,Rent,DEBIT,Late,,83490.0
T0039,2025-09-06,1026,Utility Bill,DEBIT,Completed,,82464.0
T0040,2025-09-08,499,Telecom,DEBIT,Completed,,81965.0
T0041,2025-09-05,928,Food,DEBIT,Completed,,81037.0
T0042,2025-09-12,1296,Food,DEBIT,Completed,,79741.0
T0043,2025-09-19,763,Food,DEBIT,Completed,,78978.0
T0044,2025-09-26,1290,Food,DEBIT,Completed,,77688.0
T0045,2025-09-14,1999,Dining,DEBIT,Completed,,75689.0
T0046,2025-09-21,2624,Shopping,DEBIT,Completed,,73065.0
T0047,2025-09-10,650,Transport,DEBIT,Completed,,72415.0
T0048,2025-09-25,1000,Savings,DEBIT,Completed,micro_savings,71415.0
T0049,2025-10-01,32000,Salary,CREDIT,Completed,,103415.0
T0050,2025-10-03,9000,Rent,DEBIT,Completed,,94415.0
T0051,2025-10-06,1126,Utility Bill,DEBIT,Completed,,93289.0
T0052,2025-10-08,499,Telecom,DEBIT,Completed,,92790.0
T0053,2025-10-05,747,Food,DEBIT,Completed,,92043.0
T0054,2025-10-12,1270,Food,DEBIT,Completed,,90773.0
T0055,2025-10-19,836,Food,DEBIT,Completed,,89937.0
T0056,2025-10-26,996,Food,DEBIT,Completed,,88941.0
T0057,2025-10-14,1658,Dining,DEBIT,Completed,,87283.0
T0058,2025-10-21,1590,Shopping,DEBIT,Completed,,85693.0
T0059,2025-10-10,1153,Transport,DEBIT,Completed,,84540.0
T0060,2025-10-25,1000,Savings,DEBIT,Completed,micro_savings,83540.0
T0061,2025-11-01,32000,Salary,CREDIT,Completed,,115540.0
T0062,2025-11-03,9000,Rent,DEBIT,Completed,,106540.0
T0063,2025-11-06,1020,Utility Bill,DEBIT,Completed,,105520.0
T0064,2025-11-08,499,Telecom,DEBIT,Completed,,105021.0
T0065,2025-11-05,1284,Food,DEBIT,Completed,,103737.0
T0066,2025-11-12,1015,Food,DEBIT,Completed,,102722.0
T0067,2025-11-19,1273,Food,DEBIT,Completed,,101449.0
T0068,2025-11-26,885,Food,DEBIT,Completed,,100564.0
T0069,2025-11-14,1011,Dining,DEBIT,Completed,,99553.0
T0070,2025-11-21,3382,Shopping,DEBIT,Completed,,96171.0
T0071,2025-11-10,1184,Transport,DEBIT,Completed,,94987.0
T0072,2025-11-25,1000,Savings,DEBIT,Completed,micro_savings,93987.0
T0073,2025-12-01,32000,Salary,CREDIT,Completed,,125987.0
T0074,2025-12-03,9000,Rent,DEBIT,Completed,,116987.0
T0075,2025-12-06,1554,Utility Bill,DEBIT,Completed,,115433.0
T0076,2025-12-08,499,Telecom,DEBIT,Completed,,114934.0
T0077,2025-12-05,892,Food,DEBIT,Completed,,114042.0
T0078,2025-12-12,1081,Food,DEBIT,Completed,,112961.0
T0079,2025-12-19,799,Food,DEBIT,Completed,,112162.0
T0080,2025-12-26,1260,Food,DEBIT,Completed,,110902.0
T0081,2025-12-14,2258,Dining,DEBIT,Completed,,108644.0
T0082,2025-12-21,1257,Shopping,DEBIT,Completed,,107387.0
T0083,2025-12-10,1177,Transport,DEBIT,Completed,,106210.0
T0084,2025-12-25,1000,Savings,DEBIT,Completed,micro_savings,105210.0
T0085,2026-01-01,32000,Salary,CREDIT,Completed,,137210.0
T0086,2026-01-03,9000,Rent,DEBIT,Completed,,128210.0
T0087,2026-01-06,961,Utility Bill,DEBIT,Completed,,127249.0
T0088,2026-01-08,499,Telecom,DEBIT,Completed,,126750.0
T0089,2026-01-05,910,Food,DEBIT,Completed,,125840.0
T0090,2026-01-12,1208,Food,DEBIT,Completed,,124632.0
T0091,2026-01-19,1244,Food,DEBIT,Completed,,123388.0
T0092,2026-01-26,1137,Food,DEBIT,Completed,,122251.0
T0093,2026-01-14,2391,Dining,DEBIT,Completed,,119860.0
T0094,2026-01-21,2286,Shopping,DEBIT,Completed,,117574.0
T0095,2026-01-10,1076,Transport,DEBIT,Completed,,116498.0
T0096,2026-01-25,1000,Savings,DEBIT,Completed,micro_savings,115498.0
T0097,2026-02-01,32000,Salary,CREDIT,Completed,,147498.0
T0098,2026-02-03,9000,Rent,DEBIT,Completed,,138498.0
T0099,2026-02-06,1499,Utility Bill,DEBIT,Completed,,136999.0
T0100,2026-02-08,499,Telecom,DEBIT,Completed,,136500.0
T0101,2026-02-05,1164,Food,DEBIT,Completed,,135336.0
T0102,2026-02-12,1070,Food,DEBIT,Completed,,134266.0
T0103,2026-02-19,1006,Food,DEBIT,Completed,,133260.0
T0104,2026-02-26,954,Food,DEBIT,Completed,,132306.0
T0105,2026-02-14,2426,Dining,DEBIT,Completed,,129880.0
T0106,2026-02-21,1736,Shopping,DEBIT,Completed,,128144.0
T0107,2026-02-10,849,Transport,DEBIT,Completed,,127295.0
T0108,2026-02-25,1000,Savings,DEBIT,Completed,micro_savings,126295.0
T0109,2026-03-01,32000,Salary,CREDIT,Completed,,158295.0
T0110,2026-03-03,9000,Rent,DEBIT,Completed,,149295.0
T0111,2026-03-06,983,Utility Bill,DEBIT,Completed,,148312.0
T0112,2026-03-08,499,Telecom,DEBIT,Completed,,147813.0
T0113,2026-03-05,1288,Food,DEBIT,Completed,,146525.0
T0114,2026-03-12,1007,Food,DEBIT,Completed,,145518.0
T0115,2026-03-19,1237,Food,DEBIT,Completed,,144281.0
T0116,2026-03-26,1206,Food,DEBIT,Completed,,143075.0
T0117,2026-03-14,1503,Dining,DEBIT,Completed,,141572.0
T0118,2026-03-21,3987,Shopping,DEBIT,Completed,,137585.0
T0119,2026-03-10,1059,Transport,DEBIT,Completed,,136526.0
T0120,2026-03-25,1000,Savings,DEBIT,Completed,micro_savings,135526.0
T0121,2026-04-01,32000,Salary,CREDIT,Completed,,167526.0
T0122,2026-04-03,9000,Rent,DEBIT,Completed,,158526.0
T0123,2026-04-06,1194,Utility Bill,DEBIT,Completed,,157332.0
T0124,2026-04-08,499,Telecom,DEBIT,Completed,,156833.0
T0125,2026-04-05,774,Food,DEBIT,Completed,,156059.0
T0126,2026-04-12,820,Food,DEBIT,Completed,,155239.0
T0127,2026-04-19,1224,Food,DEBIT,Completed,,154015.0
T0128,2026-04-26,1128,Food,DEBIT,Completed,,152887.0
T0129,2026-04-14,1137,Dining,DEBIT,Completed,,151750.0
T0130,2026-04-21,2401,Shopping,DEBIT,Completed,,149349.0
T0131,2026-04-10,755,Transport,DEBIT,Completed,,148594.0
T0132,2026-04-25,1000,Savings,DEBIT,Completed,micro_savings,147594.0
T0133,2026-05-01,32000,Salary,CREDIT,Completed,,179594.0
T0134,2026-05-03,9000,Rent,DEBIT,Completed,,170594.0
T0135,2026-05-06,1400,Utility Bill,DEBIT,Completed,,169194.0
T0136,2026-05-08,499,Telecom,DEBIT,Completed,,168695.0
T0137,2026-05-05,1131,Food,DEBIT,Completed,,167564.0
T0138,2026-05-12,740,Food,DEBIT,Completed,,166824.0
T0139,2026-05-19,779,Food,DEBIT,Completed,,166045.0
T0140,2026-05-26,1271,Food,DEBIT,Completed,,164774.0
T0141,2026-05-14,1973,Dining,DEBIT,Completed,,162801.0
T0142,2026-05-21,2285,Shopping,DEBIT,Completed,,160516.0
T0143,2026-05-10,948,Transport,DEBIT,Completed,,159568.0
T0144,2026-05-25,1000,Savings,DEBIT,Completed,micro_savings,158568.0
